Vanilla,Chocolate,Strawberry
Chocolate,Vanilla,Strawberry
Vanilla,Chocolate,Strawberry
Vanilla,Chocolate,Strawberry
Strawberry,Chocolate,Vanilla
Strawberry,Vanilla,Chocolate
Strawberry,Chocolate,Vanilla
Strawberry,Vanilla,Chocolate
Vanilla,Chocolate,Strawberry
Vanilla,Chocolate,Strawberry
Strawberry,Chocolate,Vanilla
Chocolate,Vanilla,Strawberry
Vanilla,Chocolate,Strawberry
Strawberry,Chocolate,Vanilla
Chocolate,Vanilla,Strawberry
Vanilla,Chocolate,Strawberry
Strawberry,Vanilla,Chocolate
Strawberry,Chocolate,Vanilla
Chocolate,Vanilla,Strawberry
Vanilla,Chocolate,Strawberry