Python,JavaScript,Rust,C++,Go,Haskell
JavaScript,Python,Rust,C++,Go,Haskell
Python,JavaScript,C++,Rust,Go,Haskell
JavaScript,Python,C++,Rust,Go,Haskell
Python,JavaScript,Go,Rust,C++,Haskell
JavaScript,Python,Go,Rust,C++,Haskell
Python,JavaScript,Rust,Go,C++,Haskell
JavaScript,Python,Rust,Go,C++,Haskell
Python,JavaScript,C++,Rust,Haskell,Go
JavaScript,Python,C++,Rust,Haskell,Go
Python,JavaScript,Rust,C++,Haskell,Go
JavaScript,Python,Rust,C++,Haskell,Go
Rust,Python,JavaScript,C++,Go,Haskell
Rust,JavaScript,Python,C++,Go,Haskell
Rust,Python,JavaScript,Go,C++,Haskell
Rust,JavaScript,Python,Go,C++,Haskell
C++,Python,JavaScript,Rust,Go,Haskell
C++,JavaScript,Python,Rust,Go,Haskell
C++,Python,JavaScript,Go,Rust,Haskell
C++,JavaScript,Python,Go,Rust,Haskell
Go,Python,JavaScript,Rust,C++,Haskell
Go,JavaScript,Python,Rust,C++,Haskell
Go,Python,JavaScript,C++,Rust,Haskell
Go,JavaScript,Python,C++,Rust,Haskell
Python,JavaScript,C++,Go,Rust,Haskell
JavaScript,Python,C++,Go,Rust,Haskell
Python,JavaScript,Go,C++,Rust,Haskell
JavaScript,Python,Go,C++,Rust,Haskell

